,IP Address
0,15.207.235.193:80
1,34.69.233.166:80
2,139.99.95.108:8080
3,35.247.242.101:3129
4,35.247.214.238:3129
5,35.247.230.245:3129
6,210.172.199.88:8080
7,159.203.61.169:8080
8,20.93.42.101:8080
9,80.48.119.28:8080
10,174.138.184.82:46706
11,200.105.215.22:33630
12,103.37.88.10:80
13,1.36.197.118:80
14,190.103.177.131:80
15,43.153.222.203:8080
16,113.53.231.133:3129
17,61.111.38.5:80
18,20.111.54.16:80
19,20.210.113.32:80
20,20.206.106.192:80
21,103.234.55.173:80
22,41.77.188.131:80
23,20.205.61.143:80
24,103.141.143.102:41516
25,23.88.33.250:80
26,23.88.125.24:80
27,138.68.60.8:3128
28,58.27.59.249:80
29,45.62.167.249:80
30,165.154.236.174:80
31,14.199.169.206:80
32,155.248.172.80:80
33,62.204.197.206:80
34,103.152.112.234:80
35,213.230.127.93:3128
36,20.241.236.196:3128
37,144.126.141.115:1010
38,152.69.215.206:80
39,139.99.135.214:80
40,133.18.234.13:80
41,45.77.28.109:8989
42,95.183.140.94:80
43,95.183.140.89:80
44,139.59.1.14:3128
45,125.141.151.83:80
46,103.69.108.78:8191
47,203.143.28.28:80
48,35.247.197.252:3129
49,47.56.110.204:8989
50,64.225.8.82:9995
51,128.199.202.122:3128
52,191.96.31.183:80
53,68.132.12.228:8888
54,64.225.4.12:9991
55,35.247.247.254:3129
56,35.247.247.141:3129
57,35.247.198.196:3129
58,35.247.249.215:3129
59,35.247.243.231:3129
60,209.97.150.167:8080
61,198.199.86.11:8080
62,134.209.29.120:3128
63,212.46.230.102:6969
64,35.247.245.218:3129
65,137.184.245.154:80
66,123.30.154.171:7777
67,139.99.237.62:80
68,23.144.56.97:80
69,186.121.235.66:8080
70,42.2.213.87:80
71,165.139.47.113:80
72,58.27.197.2:8080
73,35.247.240.117:3129
74,103.142.141.71:80
75,115.144.102.39:10080
76,178.33.3.163:8080
77,8.219.97.248:80
78,121.1.41.162:111
79,43.156.100.152:80
80,115.144.101.201:10001
81,165.154.224.14:80
82,60.52.61.36:80
83,13.95.173.197:80
84,123.202.159.108:80
85,36.229.80.231:80
86,89.58.55.106:80
87,89.58.45.248:80
88,138.117.219.108:80
89,38.7.207.92:80
90,80.15.19.7:80
91,45.84.227.55:1000
92,49.0.250.196:8080
93,190.61.88.147:8080
94,20.24.43.214:80
95,34.240.3.154:3128
96,163.172.85.30:80
97,103.216.103.163:80
98,60.52.61.39:80
99,129.150.38.247:80
100,103.173.231.78:8080
101,200.24.134.99:999
102,191.101.212.9:80
103,119.28.203.71:80
104,184.105.182.254:3128
105,189.113.14.243:80
106,217.146.217.178:3128
107,103.187.86.10:8182
108,89.109.252.139:8081
109,82.180.163.163:80
110,1.224.3.122:3888
111,82.98.147.36:80
112,196.223.129.21:80
113,68.183.53.101:9918
114,23.88.59.163:80
115,43.134.211.34:3128
116,51.15.242.202:8888
117,152.32.68.171:65535
118,2.179.193.146:80
119,65.108.104.111:80
120,202.180.54.211:8080
121,197.243.67.96:80
122,181.143.106.162:52151
123,200.25.254.193:54240
124,217.66.200.154:3128
125,35.247.232.115:3129
126,35.247.213.229:3129
127,35.247.228.52:3129
128,35.247.244.162:3129
129,87.226.220.242:8082
130,35.247.243.5:3129
131,35.247.247.73:3129
132,35.247.249.107:3129
133,35.247.192.233:3129
134,35.247.236.135:3129
135,35.247.227.219:3129
136,35.247.234.213:3129
137,35.247.208.123:3129
138,197.243.67.100:80
139,102.130.192.231:8080
140,24.152.40.49:8080
141,162.223.94.163:80
142,136.243.55.199:3128
143,51.68.181.108:80
144,113.161.131.43:80
145,46.101.126.180:41061
146,86.98.1.105:8080
147,49.51.184.233:8080
148,185.16.61.36:45212
149,167.172.238.15:9992
150,134.209.144.65:80
151,201.229.250.21:8080
152,158.69.71.245:9300
153,51.68.97.175:22560
154,146.59.147.70:8888
155,103.141.142.102:41367
156,43.130.46.252:80
157,197.243.67.98:80
158,37.207.45.15:48678
159,103.165.155.75:1111
160,103.53.78.26:8080
161,190.61.41.106:999
162,177.93.39.253:999
163,200.108.197.2:8080
164,103.195.245.234:80
165,75.89.101.62:80
166,35.247.228.137:3129
167,65.108.230.239:42899
168,103.145.200.13:6969
169,18.130.127.164:3128
170,18.237.192.234:3128
171,54.247.145.18:3128
172,3.8.174.215:3128
173,117.54.114.35:80
174,103.160.198.1:82
175,43.249.11.85:45787
176,189.203.191.136:1994
177,193.123.80.129:9992
178,147.182.132.21:80
179,35.247.219.61:3129
180,35.247.197.36:3129
181,185.15.172.212:3128
182,152.67.75.1:80
183,35.247.207.141:3129
184,64.225.4.29:9499
185,169.55.89.6:80
186,216.137.184.253:80
187,65.108.69.40:10048
188,41.216.186.110:8080
189,213.241.205.2:8080
190,172.104.64.250:8009
191,158.51.124.253:44939
192,3.25.85.164:3128
193,181.191.92.17:8082
194,198.49.68.80:80
195,103.152.112.145:80
196,154.113.121.60:80
197,35.247.237.218:3129
198,124.13.181.6:80
199,213.83.46.204:3128
200,103.116.203.245:43520
201,14.139.126.158:80
202,197.243.67.110:80
203,47.91.95.174:443
204,41.78.24.126:32371
205,103.121.149.69:8080
206,41.33.219.141:8080
207,155.138.132.50:80
208,150.107.136.110:8082
209,35.247.199.249:3129
210,217.182.170.224:80
211,35.247.240.206:3129
212,89.17.55.134:7777
213,3.21.205.159:8000
214,86.57.156.106:2222
215,103.124.138.90:8080
216,138.117.181.247:5566
217,165.227.81.188:9958
218,8.210.37.63:8081
219,35.247.204.80:3129
220,35.247.249.71:3129
221,49.254.0.39:26242
222,49.254.116.203:8045
223,124.198.70.57:11256
224,121.126.149.157:5844
225,115.144.88.74:28480
226,104.168.66.57:3128
227,115.144.65.87:26828
228,104.234.143.168:3128
229,125.7.179.141:8723
230,49.254.73.199:10385
231,157.230.48.11:80
232,156.239.51.98:3128
233,124.198.44.24:24770
234,38.15.150.143:3128
235,49.254.224.166:27809
236,121.126.62.101:18553
237,121.126.216.96:24618
238,107.172.37.235:3128
239,183.78.157.178:22451
240,156.239.54.208:3128
241,49.254.228.63:25140
242,203.109.13.197:10080
243,49.254.126.160:17657
244,49.254.12.62:6267
245,115.144.234.31:5088
246,115.144.121.164:5029
247,183.78.157.20:27902
248,121.126.176.229:28339
249,209.127.48.185:3128
250,156.239.48.111:3128
251,107.175.237.103:3128
252,38.15.148.179:3128
253,124.198.6.78:28063
254,161.123.208.28:6272
255,49.254.228.61:25138
256,156.239.50.49:3128
257,115.144.16.250:25294
258,49.254.163.147:17668
259,124.198.34.23:22288
260,49.254.177.66:5992
261,121.126.51.13:9179
262,49.254.189.34:17707
263,115.144.147.130:24151
264,49.254.179.102:8078
265,49.254.110.36:7080
266,104.168.126.245:3128
267,121.126.205.104:23387
268,115.144.66.83:28529
269,183.78.142.58:10030
270,156.239.52.4:3128
271,124.198.110.31:22248
272,121.126.234.20:28251
273,124.198.67.34:21050
274,104.248.57.47:80
275,104.248.5.109:80
276,115.144.6.198:28548
277,38.15.149.22:3128
278,107.172.34.123:3128
279,38.15.152.2:3128
280,45.114.12.22:5090
281,49.254.50.135:17768
282,49.254.48.166:8952
283,121.126.215.11:24613
284,161.123.208.89:6333
285,121.126.176.230:28340
286,45.114.12.203:5271
287,49.254.94.39:6594
288,183.78.128.136:26164
289,115.144.210.214:28676
290,121.126.33.44:5907
291,107.172.32.140:3128
292,156.239.55.211:3128
293,115.144.7.179:6461
294,38.15.155.83:3128
295,104.234.143.82:3128
296,121.126.39.178:5913
297,121.126.81.225:5559
298,107.172.37.43:3128
